x1,x2,x3,x4,x5,x6,x7,x8,x9,x10,x11,x12,x13,x14,x15,x16
2881,2025/07/07,00:00-00:03,Mon,33.9,30.9,54,66,542,415,0.006,0,0.012,0.012,0.012,0.012
2882,2025/07/07,00:03-00:06,Mon,33.9,30.8,54,66,540,414,0.012,0,0.012,0.006,0.012,0.006
2883,2025/07/07,00:06-00:09,Mon,33.9,30.9,54,66,538,411,0.012,0,0.012,0.006,0.012,0.012
2884,2025/07/07,00:09-00:12,Mon,33.9,30.9,54,66,537,408,0.012,0.006,0.012,0.006,0.012,0.012
2885,2025/07/07,00:12-00:15,Mon,33.9,30.9,54,66,536,409,0.012,0.006,0.012,0.012,0.012,0.006
2886,2025/07/07,00:15-00:18,Mon,33.9,30.9,54,66,543,412,0.012,0.006,0.012,0.012,0.012,0.006
2887,2025/07/07,00:18-00:21,Mon,33.9,30.9,54,66,533,413,0.012,0,0.012,0.012,0.012,0.012
2888,2025/07/07,00:21-00:24,Mon,33.8,30.9,54,66,539,417,0.006,0,0.012,0.006,0.012,0.012
2889,2025/07/07,00:24-00:27,Mon,33.8,30.9,54,66,539,412,0.012,0,0.012,0.012,0.012,0.006
2890,2025/07/07,00:27-00:30,Mon,33.8,30.8,54,66,537,412,0.012,0.006,0.012,0.012,0.012,0.012
2891,2025/07/07,00:30-00:33,Mon,33.8,30.9,54,66,534,414,0.012,0.006,0.012,0.012,0.012,0.012
2892,2025/07/07,00:33-00:36,Mon,33.8,30.9,54,66,534,414,0.012,0.006,0.012,0.006,0.012,0.006
2893,2025/07/07,00:36-00:39,Mon,33.8,30.9,54,66,533,410,0.012,0.006,0.012,0.006,0.012,0.012
2894,2025/07/07,00:39-00:42,Mon,33.8,30.9,54,66,533,414,0.012,0,0.012,0.012,0.012,0.012
2895,2025/07/07,00:42-00:45,Mon,33.7,30.8,54,66,533,410,0.006,0,0.012,0.012,0.012,0.006
2896,2025/07/07,00:45-00:48,Mon,33.8,30.8,54,66,532,414,0.012,0.006,0.012,0.006,0.012,0.012
2897,2025/07/07,00:48-00:51,Mon,33.7,30.8,54,66,537,418,0.012,0.006,0.018,0.006,0.012,0.012
2898,2025/07/07,00:51-00:54,Mon,33.7,30.9,54,66,535,414,0.012,0.006,0.012,0.012,0.012,0.012
2899,2025/07/07,00:54-00:57,Mon,33.7,30.8,54,66,533,419,0.012,0.006,0.012,0.012,0.006,0.006
2900,2025/07/07,00:57-01:00,Mon,33.7,30.8,54,66,528,416,0.012,0,0.012,0.012,0.012,0.012
2901,2025/07/07,01:00-01:03,Mon,33.7,30.8,54,66,524,417,0.012,0,0.012,0.006,0.012,0.012
2902,2025/07/07,01:03-01:06,Mon,33.7,30.8,54,66,522,417,0.006,0,0.012,0.012,0.012,0.006
2903,2025/07/07,01:06-01:09,Mon,33.6,30.8,54,66,526,416,0.012,0.006,0.012,0.012,0.012,0.012
2904,2025/07/07,01:09-01:12,Mon,33.6,30.8,54,66,525,416,0.012,0.006,0.012,0.012,0.012,0.012
2905,2025/07/07,01:12-01:15,Mon,33.6,30.8,54,66,526,418,0.012,0.006,0.012,0.006,0.012,0.006
2906,2025/07/07,01:15-01:18,Mon,33.6,30.8,54,66,527,416,0.012,0,0.012,0.006,0.012,0.006
2907,2025/07/07,01:18-01:21,Mon,33.6,30.8,54,66,532,418,0.012,0,0.012,0.012,0.012,0.012
2908,2025/07/07,01:21-01:24,Mon,33.6,30.8,54,66,532,415,0.012,0,0.012,0.012,0.012,0.006
2909,2025/07/07,01:24-01:27,Mon,33.6,30.8,54,66,532,414,0.006,0.006,0.012,0.006,0.012,0.006
2910,2025/07/07,01:27-01:30,Mon,33.6,30.8,54,66,533,417,0.012,0.006,0.012,0.006,0.012,0.012
2911,2025/07/07,01:30-01:33,Mon,33.5,30.8,54,66,531,416,0.012,0.006,0.012,0.012,0.012,0.012
2912,2025/07/07,01:33-01:36,Mon,33.5,30.8,54,66,531,416,0.012,0,0.012,0.012,0.012,0.006
2913,2025/07/07,01:36-01:39,Mon,33.5,30.8,54,66,530,411,0.006,0,0.012,0.006,0.006,0.012
2914,2025/07/07,01:39-01:42,Mon,33.5,30.8,54,66,531,408,0.012,0,0.012,0.012,0.012,0.006
2915,2025/07/07,01:42-01:45,Mon,33.5,30.8,54,66,530,409,0.012,0,0.012,0.012,0.012,0.012
2916,2025/07/07,01:45-01:48,Mon,33.5,30.8,54,66,528,409,0.012,0.006,0.012,0.006,0.012,0.012
2917,2025/07/07,01:48-01:51,Mon,33.5,30.8,54,66,530,408,0.012,0.006,0.012,0.012,0.006,0.006
2918,2025/07/07,01:51-01:54,Mon,33.4,30.8,54,66,530,406,0.012,0.006,0.012,0.012,0.012,0.012
2919,2025/07/07,01:54-01:57,Mon,33.4,30.8,54,66,526,410,0.012,0.006,0.012,0.006,0.012,0.006
2920,2025/07/07,01:57-02:00,Mon,33.4,30.8,54,66,526,411,0.012,0,0.012,0.012,0.012,0.012
2921,2025/07/07,02:00-02:03,Mon,33.4,30.8,54,66,532,412,0.012,0,0.012,0.012,0.012,0.006
2922,2025/07/07,02:03-02:06,Mon,33.4,30.8,54,66,536,409,0.006,0,0.012,0.006,0.012,0.012
2923,2025/07/07,02:06-02:09,Mon,33.4,30.8,54,66,534,408,0.012,0,0.012,0.012,0.012,0.012
2924,2025/07/07,02:09-02:12,Mon,33.4,30.8,54,66,533,409,0.012,0.006,0.012,0.012,0.012,0.006
2925,2025/07/07,02:12-02:15,Mon,33.4,30.8,54,66,536,410,0.012,0.006,0.012,0.006,0.012,0.012
2926,2025/07/07,02:15-02:18,Mon,33.4,30.8,54,66,533,408,0.012,0.006,0.012,0.012,0.012,0.006
2927,2025/07/07,02:18-02:21,Mon,33.3,30.8,54,66,527,407,0.012,0.006,0.012,0.012,0.012,0.012
2928,2025/07/07,02:21-02:24,Mon,33.3,30.8,54,66,527,405,0.012,0.006,0.012,0.006,0.012,0.006
2929,2025/07/07,02:24-02:27,Mon,33.3,30.8,54,66,535,406,0.006,0,0.012,0.012,0.012,0.012
2930,2025/07/07,02:27-02:30,Mon,33.3,30.8,54,66,535,409,0.012,0,0.018,0.006,0.012,0.012
2931,2025/07/07,02:30-02:33,Mon,33.3,30.8,54,66,531,407,0.012,0,0.012,0.006,0.012,0.006
2932,2025/07/07,02:33-02:36,Mon,33.3,30.8,54,66,531,410,0.012,0,0.012,0.012,0.012,0.012
2933,2025/07/07,02:36-02:39,Mon,33.3,30.8,54,66,525,414,0.012,0.006,0.012,0.006,0.012,0.006
2934,2025/07/07,02:39-02:42,Mon,33.3,30.8,54,66,528,415,0.012,0.006,0.012,0.006,0.012,0.012
2935,2025/07/07,02:42-02:45,Mon,33.3,30.8,54,66,529,412,0.012,0.006,0.012,0.012,0.012,0.012
2936,2025/07/07,02:45-02:48,Mon,33.3,-,54,-,529,-,0.012,0.006,0.012,0.006,0.012,0.006
2937,2025/07/07,02:48-02:51,Mon,33.2,30.8,54,66,529,413,0.012,0,0.012,0.012,0.012,0.012
2938,2025/07/07,02:51-02:54,Mon,33.3,30.8,54,66,525,410,0.006,0,0.012,0.012,0.012,0.006
2939,2025/07/07,02:54-02:57,Mon,33.2,30.8,54,66,521,410,0.012,0,0.012,0.006,0.012,0.012
2940,2025/07/07,02:57-03:00,Mon,33.2,30.8,54,66,519,412,0.012,0,0.012,0.012,0.006,0.006
2941,2025/07/07,03:00-03:03,Mon,33.2,30.8,54,66,522,410,0.012,0.006,0.012,0.012,0.012,0.012
2942,2025/07/07,03:03-03:06,Mon,33.2,30.8,54,66,524,412,0.012,0.006,0.012,0.006,0.012,0.012
2943,2025/07/07,03:06-03:09,Mon,33.2,30.8,54,66,518,410,0.012,0.006,0.012,0.012,0.012,0.006
2944,2025/07/07,03:09-03:12,Mon,33.2,30.8,54,66,525,409,0.012,0.006,0.012,0.012,0.006,0.012
2945,2025/07/07,03:12-03:15,Mon,33.1,30.8,54,66,527,411,0.012,0,0.012,0.006,0.012,0.006
2946,2025/07/07,03:15-03:18,Mon,33.1,30.8,54,66,526,413,0.012,0,0.012,0.012,0.012,0.012
2947,2025/07/07,03:18-03:21,Mon,33.1,30.8,54,66,527,415,0.006,0,0.012,0.012,0.012,0.012
2948,2025/07/07,03:21-03:24,Mon,33.1,30.8,54,66,527,414,0.012,0,0.012,0.006,0.012,0.006
2949,2025/07/07,03:24-03:27,Mon,33.1,30.8,54,66,533,411,0.012,0.006,0.012,0.012,0.012,0.012
2950,2025/07/07,03:27-03:30,Mon,33.1,30.8,54,66,534,413,0.012,0.006,0.012,0.012,0.012,0.006
2951,2025/07/07,03:30-03:33,Mon,33.1,30.8,54,66,526,424,0.012,0.006,0.012,0.006,0.012,0.012
2952,2025/07/07,03:33-03:36,Mon,33.1,30.8,54,66,527,423,0.012,0.006,0.012,0.006,0.012,0.012
2953,2025/07/07,03:36-03:39,Mon,33.1,30.8,54,66,530,419,0.012,0,0.012,0.012,0.012,0.006
2954,2025/07/07,03:39-03:42,Mon,33.1,30.8,54,66,533,417,0.012,0,0.012,0.006,0.012,0.012
2955,2025/07/07,03:42-03:45,Mon,33.1,30.8,54,66,536,417,0.012,0,0.012,0.006,0.012,0.006
2956,2025/07/07,03:45-03:48,Mon,33,30.8,54,67,533,416,0.012,0,0.012,0.012,0.012,0.012
2957,2025/07/07,03:48-03:51,Mon,33,30.8,54,67,532,414,0.012,0.006,0.012,0.006,0.012,0.012
2958,2025/07/07,03:51-03:54,Mon,33,30.8,54,67,530,414,0.006,0.006,0.012,0.006,0.012,0.006
2959,2025/07/07,03:54-03:57,Mon,33,30.8,54,67,535,412,0.012,0.006,0.012,0.012,0.012,0.012
2960,2025/07/07,03:57-04:00,Mon,33,30.8,54,66,533,413,0.012,0.006,0.012,0.012,0.012,0.006
2961,2025/07/07,04:00-04:03,Mon,33,30.8,54,67,531,410,0.012,0.006,0.012,0.006,0.012,0.012
2962,2025/07/07,04:03-04:06,Mon,33,30.8,54,67,529,410,0.012,0,0.012,0.012,0.012,0.012
2963,2025/07/07,04:06-04:09,Mon,33,30.8,54,67,528,410,0.012,0,0.012,0.012,0.012,0.006
2964,2025/07/07,04:09-04:12,Mon,33,30.8,54,67,529,409,0.012,0,0.012,0.006,0.012,0.012
2965,2025/07/07,04:12-04:15,Mon,33,30.8,54,67,528,409,0.012,0,0.012,0.012,0.012,0.006
2966,2025/07/07,04:15-04:18,Mon,32.9,30.8,54,67,531,411,0.012,0.006,0.012,0.012,0.012,0.012
2967,2025/07/07,04:18-04:21,Mon,32.9,30.8,54,67,525,413,0.012,0.006,0.012,0.006,0.012,0.012
2968,2025/07/07,04:21-04:24,Mon,32.9,30.8,54,67,522,413,0.012,0.006,0.012,0.012,0.012,0.006
2969,2025/07/07,04:24-04:27,Mon,32.9,30.8,54,67,527,409,0.006,0.006,0.012,0.012,0.012,0.012
2970,2025/07/07,04:27-04:30,Mon,32.9,30.8,54,67,529,410,0.012,0,0.012,0.006,0.012,0.006
2971,2025/07/07,04:30-04:33,Mon,32.9,30.8,54,67,530,416,0.012,0,0.012,0.012,0.012,0.012
2972,2025/07/07,04:33-04:36,Mon,32.9,30.8,54,67,527,418,0.012,0,0.018,0.012,0.012,0.012
2973,2025/07/07,04:36-04:39,Mon,32.9,30.8,54,67,528,418,0.012,0,0.012,0.006,0.006,0.006
2974,2025/07/07,04:39-04:42,Mon,32.9,30.8,54,67,525,416,0.012,0.006,0.012,0.012,0.012,0.012
2975,2025/07/07,04:42-04:45,Mon,32.9,30.8,54,67,525,418,0.012,0.006,0.012,0.012,0.012,0.006
2976,2025/07/07,04:45-04:48,Mon,32.8,30.8,54,67,525,417,0.012,0.006,0.012,0.006,0.012,0.012
2977,2025/07/07,04:48-04:51,Mon,32.8,30.8,54,67,526,411,0.012,0.006,0.012,0.012,0.012,0.012
2978,2025/07/07,04:51-04:54,Mon,32.9,30.8,54,67,525,409,0.012,0,0.012,0.012,0.012,0.006
2979,2025/07/07,04:54-04:57,Mon,32.8,30.8,54,67,527,412,0.012,0,0.012,0.006,0.012,0.012
2980,2025/07/07,04:57-05:00,Mon,32.8,30.8,54,67,524,413,0.006,0,0.012,0.012,0.012,0.006
2981,2025/07/07,05:00-05:03,Mon,32.8,30.8,54,67,519,417,0.012,0,0.012,0.012,0.012,0.012
2982,2025/07/07,05:03-05:06,Mon,32.8,30.8,54,67,519,418,0.012,0.006,0.012,0.006,0.012,0.012
2983,2025/07/07,05:06-05:09,Mon,32.8,30.8,54,67,518,414,0.012,0.006,0.012,0.012,0.012,0.006
2984,2025/07/07,05:09-05:12,Mon,32.8,30.8,54,67,519,412,0.012,0.006,0.012,0.012,0.012,0.012
2985,2025/07/07,05:12-05:15,Mon,32.8,30.8,54,67,524,410,0.012,0.006,0.012,0.006,0.012,0.006
2986,2025/07/07,05:15-05:18,Mon,32.8,30.8,54,67,519,410,0.012,0.006,0.012,0.012,0.012,0.012
2987,2025/07/07,05:18-05:21,Mon,32.7,30.8,54,67,518,414,0.006,0,0.012,0.006,0.012,0.006
2988,2025/07/07,05:21-05:24,Mon,32.8,30.8,54,67,520,412,0.012,0,0.012,0.006,0.012,0.012
2989,2025/07/07,05:24-05:27,Mon,32.7,30.8,55,67,524,411,0.012,0,0.012,0.012,0.012,0.012
2990,2025/07/07,05:27-05:30,Mon,32.7,30.8,55,67,522,413,0.012,0,0.012,0.012,0.012,0.006
2991,2025/07/07,05:30-05:33,Mon,32.7,30.8,55,67,521,413,0.012,0.006,0.012,0.006,0.012,0.012
2992,2025/07/07,05:33-05:36,Mon,32.7,30.8,55,67,520,414,0.012,0.006,0.012,0.012,0.012,0.006
2993,2025/07/07,05:36-05:39,Mon,32.7,30.8,55,67,521,412,0.012,0.006,0.012,0.006,0.012,0.012
2994,2025/07/07,05:39-05:42,Mon,32.7,30.8,55,67,521,411,0.006,0.006,0.012,0.012,0.012,0.012
2995,2025/07/07,05:42-05:45,Mon,32.7,30.8,55,67,522,416,0.012,0.006,0.012,0.012,0.012,0.006
2996,2025/07/07,05:45-05:48,Mon,32.7,30.8,55,67,521,414,0.012,0,0.012,0.006,0.006,0.012
2997,2025/07/07,05:48-05:51,Mon,32.7,30.8,55,67,521,410,0.012,0,0.012,0.012,0.012,0.006
2998,2025/07/07,05:51-05:54,Mon,32.7,30.8,55,67,524,411,0.012,0,0.012,0.012,0.012,0.012
2999,2025/07/07,05:54-05:57,Mon,32.6,30.8,55,67,525,412,0.012,0,0.012,0.006,0.012,0.006
3000,2025/07/07,05:57-06:00,Mon,32.6,30.8,55,67,526,414,0.012,0,0.012,0.012,0.012,0.012
3001,2025/07/07,06:00-06:03,Mon,32.6,30.8,55,67,523,417,0.012,0.006,0.012,0.012,0.012,0.006
3002,2025/07/07,06:03-06:06,Mon,32.6,30.8,55,67,518,415,0.012,0.006,0.012,0.006,0.012,0.012
3003,2025/07/07,06:06-06:09,Mon,32.6,30.8,55,67,522,414,0.012,0.006,0.012,0.012,0.012,0.006
3004,2025/07/07,06:09-06:12,Mon,32.6,-,55,-,520,-,0.006,0.006,0.012,0.006,0.012,0.012
3005,2025/07/07,06:12-06:15,Mon,32.6,30.8,55,67,523,417,0.012,0.006,0.012,0.012,0.012,0.012
3006,2025/07/07,06:15-06:18,Mon,32.6,30.8,55,67,518,418,0.012,0,0.012,0.006,0.012,0.012
3007,2025/07/07,06:18-06:21,Mon,32.6,30.8,55,67,522,414,0.012,0,0.012,0.006,0.012,0.012
3008,2025/07/07,06:21-06:24,Mon,32.6,30.8,55,67,522,416,0.012,0,0.012,0.012,0.012,0.012
3009,2025/07/07,06:24-06:27,Mon,32.6,30.8,55,67,521,414,0.012,0.006,0.012,0.006,0.006,0.012
3010,2025/07/07,06:27-06:30,Mon,32.6,30.8,55,67,521,417,0.012,0.006,0.012,0.012,0.012,0.006
3011,2025/07/07,06:30-06:33,Mon,32.5,30.8,55,67,517,422,0.012,0.006,0.012,0.006,0.012,0.012
3012,2025/07/07,06:33-06:36,Mon,32.5,30.8,55,67,518,421,0.006,0.006,0.012,0.012,0.012,0.012
3013,2025/07/07,06:36-06:39,Mon,32.5,30.8,55,67,515,419,0.012,0,0.012,0.012,0.012,0.012
3014,2025/07/07,06:39-06:42,Mon,32.5,30.8,55,67,518,415,0.012,0,0.012,0.006,0.012,0.012
3015,2025/07/07,06:42-06:45,Mon,32.5,30.8,55,67,521,415,0.012,0,0.012,0.012,0.012,0.006
3016,2025/07/07,06:45-06:48,Mon,32.5,30.8,55,67,518,414,0.012,0.006,0.012,0.006,0.012,0.012
3017,2025/07/07,06:48-06:51,Mon,32.5,30.8,55,67,519,412,0.012,0.006,0.012,0.012,0.012,0.006
3018,2025/07/07,06:51-06:54,Mon,32.5,30.8,55,67,520,412,0.012,0.006,0.012,0.006,0.012,0.012
3019,2025/07/07,06:54-06:57,Mon,32.5,30.8,55,67,522,414,0.006,0.006,0.012,0.012,0.012,0.006
3020,2025/07/07,06:57-07:00,Mon,32.5,30.8,55,67,521,413,0.012,0,0.012,0.006,0.012,0.012
3021,2025/07/07,07:00-07:03,Mon,32.5,30.8,55,67,518,417,0.012,0,0.012,0.012,0.012,0.012
3022,2025/07/07,07:03-07:06,Mon,32.5,30.8,55,67,516,420,0.012,0,0.012,0.006,0.012,0.006
3023,2025/07/07,07:06-07:09,Mon,32.5,30.8,55,67,517,421,0.012,0.006,0.012,0.012,0.012,0.012
3024,2025/07/07,07:09-07:12,Mon,32.5,30.8,55,67,521,420,0.012,0.006,0.012,0.006,0.012,0.006
3025,2025/07/07,07:12-07:15,Mon,32.5,30.8,55,67,525,416,0.012,0.006,0.012,0.012,0.012,0.66
3026,2025/07/07,07:15-07:18,Mon,32.5,30.8,55,67,523,417,0.012,0.006,0.012,0.006,0.012,0.096
3027,2025/07/07,07:18-07:21,Mon,32.5,30.8,55,67,519,423,0.012,0,0.012,0.012,0.012,0.024
3028,2025/07/07,07:21-07:24,Mon,32.5,30.8,55,67,517,419,0.006,0,0.012,0.006,0.012,0.18
3029,2025/07/07,07:24-07:27,Mon,32.5,30.8,55,68,515,416,0.006,0.006,0.012,0.012,0.012,0.114
3030,2025/07/07,07:27-07:30,Mon,32.5,30.8,55,67,516,417,0.036,0.006,0.036,0.03,0.012,0.078
3031,2025/07/07,07:30-07:33,Mon,32.5,30.8,55,67,516,419,0.012,0.006,0.012,0.42,0.012,0.084
3032,2025/07/07,07:33-07:36,Mon,32.5,30.8,55,67,520,419,0.012,0.006,0.012,0.714,0.012,0.096
3033,2025/07/07,07:36-07:39,Mon,32.5,30.8,55,68,523,419,0.024,0.006,0.024,1.746,0.012,0.018
3034,2025/07/07,07:39-07:42,Mon,32.5,30.8,55,68,520,423,0.012,0,0.012,1.476,0.012,0.078
3035,2025/07/07,07:42-07:45,Mon,32.5,30.8,55,68,525,424,0.012,0,0.012,1.254,0.012,0.084
3036,2025/07/07,07:45-07:48,Mon,32.5,30.8,55,68,523,424,0.03,0.012,0.036,4.668,0.018,0.102
3037,2025/07/07,07:48-07:51,Mon,32.5,30.6,55,68,527,431,0.012,0.006,0.012,1.434,0.174,0.024
3038,2025/07/07,07:51-07:54,Mon,32.5,30.5,55,69,530,436,0.012,0,0.012,1.5,0.342,0.228
3039,2025/07/07,07:54-07:57,Mon,32.5,30.2,55,69,531,442,0.012,0.006,0.012,1.548,0.384,0.108
3040,2025/07/07,07:57-08:00,Mon,32.5,30.1,55,69,533,443,0.03,0.012,0.402,1.674,0.906,0.15
3041,2025/07/07,08:00-08:03,Mon,32.5,30,55,68,536,452,0.36,0.276,0.402,0.24,0.768,0.666
3042,2025/07/07,08:03-08:06,Mon,32.5,29.9,55,68,538,462,0.726,0.39,0.018,0.726,0.018,0.69
3043,2025/07/07,08:06-08:09,Mon,32.5,29.8,55,68,546,466,0.162,0.414,0.444,0.81,0.366,0.018
3044,2025/07/07,08:09-08:12,Mon,32.5,-,55,-,548,-,0.018,0.396,0.624,0.642,0.534,0.942
3045,2025/07/07,08:12-08:15,Mon,32.5,29.7,55,68,552,470,0.084,0.408,1.272,0.294,0.642,1.212
3046,2025/07/07,08:15-08:18,Mon,32.5,29.7,55,68,553,467,0.276,0.408,0.168,0.606,0.03,1.026
3047,2025/07/07,08:18-08:21,Mon,32.5,29.6,55,68,560,468,0.27,0.402,0.072,0.738,0.096,0.162
3048,2025/07/07,08:21-08:24,Mon,32.5,29.6,55,68,563,472,0.162,0.39,0.138,1.068,0.36,0.234
3049,2025/07/07,08:24-08:27,Mon,32.5,29.5,55,67,561,475,0.024,0.39,0.546,0.594,0.36,0.282
3050,2025/07/07,08:27-08:30,Mon,32.5,29.5,55,67,564,478,0.156,0.396,0.69,0.27,0.882,0.474
3051,2025/07/07,08:30-08:33,Mon,32.5,29.5,55,66,567,482,0.288,0.396,0.81,0.468,0.864,0.498
3052,2025/07/07,08:33-08:36,Mon,32.5,29.4,55,66,567,487,0.366,0.102,0.024,0.738,0.018,0.438
3053,2025/07/07,08:36-08:39,Mon,32.5,29.3,55,67,572,495,0.168,0.402,0.21,1.044,0.378,0.018
3054,2025/07/07,08:39-08:42,Mon,-,29.4,-,66,-,505,0.018,0.396,0.69,1.08,0.528,0.138
3055,2025/07/07,08:42-08:45,Mon,32.5,29.3,55,66,581,507,0.114,0.396,1.002,0.552,0.762,0.318
3056,2025/07/07,08:45-08:48,Mon,32.5,29.2,55,66,588,506,0.294,0.396,0.168,0.72,0.024,0.564
3057,2025/07/07,08:48-08:51,Mon,32.5,29.2,55,66,594,512,0.27,0.402,0.018,0.816,0.096,0.024
3058,2025/07/07,08:51-08:54,Mon,32.5,29.2,55,66,594,518,0.126,0.396,0.396,0.822,0.36,0.162
3059,2025/07/07,08:54-08:57,Mon,32.5,29.2,55,66,597,523,0.018,0.39,0.786,0.372,0.474,0.306
3060,2025/07/07,08:57-09:00,Mon,32.6,29.2,55,65,602,528,0.144,0.384,1.116,0.408,0.984,0.54
3061,2025/07/07,09:00-09:03,Mon,32.5,29.2,55,65,608,528,0.27,0.378,1.032,0.492,0.882,0.606
3062,2025/07/07,09:03-09:06,Mon,32.6,29.1,55,64,608,526,0.462,0.384,0.018,0.684,0.012,0.486
3063,2025/07/07,09:06-09:09,Mon,32.6,29.1,55,65,613,531,0.9,0.384,0.246,0.882,0.354,0.012
3064,2025/07/07,09:09-09:12,Mon,32.6,29.1,55,65,613,533,1.164,0.384,0.378,0.684,0.552,0.252
3065,2025/07/07,09:12-09:15,Mon,32.6,29.1,55,64,616,534,1.71,0.378,1.068,0.3,0.9,0.294
3066,2025/07/07,09:15-09:18,Mon,-,29.1,-,64,-,534,1.626,0.378,0.15,0.678,0.18,0.642
3067,2025/07/07,09:18-09:21,Mon,32.6,28.9,55,64,619,536,1.692,0.384,0.012,0.792,0.018,0.012
3068,2025/07/07,09:21-09:24,Mon,32.6,29,55,64,623,540,0.132,0.384,0.246,1.002,0.432,0.174
3069,2025/07/07,09:24-09:27,Mon,32.6,29,55,63,632,550,0.042,1.152,1.794,1.464,0.582,0.306
3070,2025/07/07,09:27-09:30,Mon,32.5,28.9,55,63,635,552,0.168,0.39,0.774,0.372,0.972,0.6
3071,2025/07/07,09:30-09:33,Mon,32.6,28.8,55,62,643,552,0.276,0.384,0.648,0.528,0.84,0.576
3072,2025/07/07,09:33-09:36,Mon,32.5,28.8,55,61,647,552,0.48,0.384,0.018,0.618,0.018,0.54
3073,2025/07/07,09:36-09:39,Mon,32.6,28.8,55,62,648,551,0.15,0.384,0.162,0.69,0.36,0.018
3074,2025/07/07,09:39-09:42,Mon,32.6,28.7,55,62,650,552,0.018,0.378,0.57,0.438,0.606,0.3
3075,2025/07/07,09:42-09:45,Mon,32.6,28.7,55,62,660,555,0.06,0.384,0.84,0.516,0.906,0.69
3076,2025/07/07,09:45-09:48,Mon,32.5,28.7,55,61,659,556,0.276,0.378,0.156,0.642,0.18,0.84
3077,2025/07/07,09:48-09:51,Mon,32.6,28.6,55,61,666,558,0.492,0.384,0.012,0.702,0.018,0.006
3078,2025/07/07,09:51-09:54,Mon,32.6,28.6,55,62,668,557,0.018,0.384,0.186,0.27,0.384,0.474
3079,2025/07/07,09:54-09:57,Mon,32.5,28.7,55,61,677,558,0.282,0.384,0.582,0.486,0.576,0.612
3080,2025/07/07,09:57-10:00,Mon,32.5,28.7,55,61,680,564,1.122,1.146,2.298,2.04,0.954,0.894
3081,2025/07/07,10:00-10:03,Mon,32.5,28.6,55,60,687,572,0.48,0.378,0.792,0.738,0.828,0.804
3082,2025/07/07,10:03-10:06,Mon,32.6,28.5,55,60,686,569,4.092,2.316,6.348,4.686,0.012,0.432
3083,2025/07/07,10:06-10:09,Mon,32.6,28.5,55,61,692,577,0,0,0,0,0.366,0.18
3084,2025/07/07,10:09-10:12,Mon,32.6,28.5,55,61,693,583,0,0,0,0,0.522,0.3
3085,2025/07/07,10:12-10:15,Mon,32.6,28.4,55,61,699,579,0.06,0.384,1.188,0.678,0.756,0.528
3086,2025/07/07,10:15-10:18,Mon,32.6,28.4,55,61,699,582,0.3,0.396,0.108,0.756,0.024,0.546
3087,2025/07/07,10:18-10:21,Mon,32.6,28.4,55,60,706,583,0.558,0.378,0.018,0.432,0.102,0.114
3088,2025/07/07,10:21-10:24,Mon,32.6,-,55,-,705,-,0.168,0.396,0.642,0.198,0.426,0.018
3089,2025/07/07,10:24-10:27,Mon,32.6,28.5,55,61,703,578,0.27,0.396,0.894,0.3,0.792,0.276
3090,2025/07/07,10:27-10:30,Mon,32.6,28.4,55,60,705,577,0.288,0.396,1.416,0.456,1.026,0.39
3091,2025/07/07,10:30-10:33,Mon,32.6,28.4,55,59,702,576,0.36,0.396,1.062,0.51,0.87,0.528
3092,2025/07/07,10:33-10:36,Mon,32.6,28.3,55,59,702,579,0.654,0.402,0.012,0.864,0.012,0.432
3093,2025/07/07,10:36-10:39,Mon,32.6,28.3,55,60,694,585,1.554,0.402,0.396,0.15,0.378,0.018
3094,2025/07/07,10:39-10:42,Mon,32.6,28.3,55,60,694,587,1.734,0.396,0.69,0.288,0.378,0.084
3095,2025/07/07,10:42-10:45,Mon,32.7,28.3,55,60,705,593,1.782,0.396,1.308,0.564,0.846,0.312
3096,2025/07/07,10:45-10:48,Mon,32.7,28.3,55,60,705,591,1.794,0.396,1.314,0.6,1.002,0.582
3097,2025/07/07,10:48-10:51,Mon,32.7,28.3,55,57,709,594,0.138,0.378,0.024,0.78,0.162,0.018
3098,2025/07/07,10:51-10:54,Mon,32.7,28.2,55,57,705,591,0.006,0.012,0.09,0.372,0.054,0.18
3099,2025/07/07,10:54-10:57,Mon,32.7,28.3,55,56,707,586,0.012,0.006,0.234,0.552,0.012,0.312
3100,2025/07/07,10:57-11:00,Mon,32.7,28.4,55,56,708,584,0.012,0.006,0.258,0.78,0.018,0.624
3101,2025/07/07,11:00-11:03,Mon,32.7,28.7,55,56,706,592,0.012,0,0.162,0.45,0.012,0.702
3102,2025/07/07,11:03-11:06,Mon,32.8,28.8,55,56,707,597,0.012,0.006,0.024,0.3,0.012,1.386
3103,2025/07/07,11:06-11:09,Mon,32.8,28.9,55,55,708,597,0.012,0.006,0.078,0.558,0.012,0.42
3104,2025/07/07,11:09-11:12,Mon,32.7,29,55,55,707,599,0.012,0,0.156,0.654,0.006,0.222
3105,2025/07/07,11:12-11:15,Mon,32.8,29.2,55,55,706,591,0.012,0.006,0.246,0.396,0.012,0.324
3106,2025/07/07,11:15-11:18,Mon,32.8,29.2,54,55,715,591,0.012,0,0.096,0.324,0.012,0.402
3107,2025/07/07,11:18-11:21,Mon,32.8,29.3,54,55,720,596,0.012,0,0.018,0.456,0.012,0.024
3108,2025/07/07,11:21-11:24,Mon,32.8,29.4,54,55,723,594,0.006,0,0.108,0.588,0.012,0.198
3109,2025/07/07,11:24-11:27,Mon,32.8,29.5,54,55,721,590,0.012,0.006,0.282,0.792,0.012,0.318
3110,2025/07/07,11:27-11:30,Mon,32.9,29.5,54,55,728,592,0.012,0,0.288,0.636,0.012,0.624
3111,2025/07/07,11:30-11:33,Mon,32.9,29.6,54,54,729,591,0.012,0,0.552,0.138,0.012,0.792
3112,2025/07/07,11:33-11:36,Mon,32.9,29.6,54,54,732,590,0.012,0,0.024,0.318,0.012,0.666
3113,2025/07/07,11:36-11:39,Mon,32.9,29.7,54,55,732,591,0.012,0.006,0.018,0.42,0.012,0.018
3114,2025/07/07,11:39-11:42,Mon,32.9,29.6,54,55,734,588,0.09,0.024,1.308,3.726,0.012,0.168
3115,2025/07/07,11:42-11:45,Mon,33,29.7,54,55,740,586,0.036,0.006,1.41,1.818,0.018,0.312
3116,2025/07/07,11:45-11:48,Mon,33,29.7,54,55,741,586,0.03,0.012,0.63,0.606,0.288,0.642
3117,2025/07/07,11:48-11:51,Mon,33,29.5,54,55,742,579,0.048,0.012,0.102,1.032,0.174,0.078
3118,2025/07/07,11:51-11:54,Mon,33,29.5,54,56,738,580,0.138,0.33,0.546,0.018,0.318,0.09
3119,2025/07/07,11:54-11:57,Mon,33,29.3,54,57,738,583,0.06,0.33,0.594,0.132,0.348,0.33
3120,2025/07/07,11:57-12:00,Mon,33,29.2,54,57,735,586,0.186,0.408,0.96,0.198,0.81,0.522
3121,2025/07/07,12:00-12:03,Mon,33.1,29,54,57,740,595,0.276,0.426,0.87,0.198,0.768,0.642
3122,2025/07/07,12:03-12:06,Mon,33.1,28.9,54,57,743,599,3.498,3.798,11.322,1.002,0.018,0.582
3123,2025/07/07,12:06-12:09,Mon,33.1,28.9,54,58,760,600,3.036,2.112,8.724,0.978,0.348,0.018
3124,2025/07/07,12:09-12:12,Mon,33.1,28.9,54,59,756,605,0,0,0,0,0.498,0.072
3125,2025/07/07,12:12-12:15,Mon,33.2,28.8,54,59,757,604,1.944,4.218,24.708,1.356,0.75,0.006
3126,2025/07/07,12:15-12:18,Mon,33.1,28.8,54,59,757,601,0.78,2.526,17.16,1.254,0.216,0.012
3127,2025/07/07,12:18-12:21,Mon,33.1,28.7,54,59,768,599,0,0,0,0,0.018,0.012
3128,2025/07/07,12:21-12:24,Mon,33.2,28.7,54,60,770,600,0,0,0,0,0.378,0.012
3129,2025/07/07,12:24-12:27,Mon,33.2,28.8,54,60,773,608,0,0,0,0,0.552,0.012
3130,2025/07/07,12:27-12:30,Mon,33.2,28.7,54,60,773,604,0,0,0,0,0.882,0.006
3131,2025/07/07,12:30-12:33,Mon,33.2,28.6,54,60,785,607,0,0,0,0,0.78,0.006
3132,2025/07/07,12:33-12:36,Mon,33.2,28.6,54,60,789,610,0,0,0,0,0.018,0.012
3133,2025/07/07,12:36-12:39,Mon,33.3,28.5,53,60,809,604,0,0,0,0,0.372,0.012
3134,2025/07/07,12:39-12:42,Mon,33.3,28.5,53,61,814,603,0,0,0,0,0.576,0.006
3135,2025/07/07,12:42-12:45,Mon,33.3,28.5,53,61,828,603,0,0,0,0,0.948,0.012
3136,2025/07/07,12:45-12:48,Mon,33.3,28.5,53,61,837,605,0,0,0,0,0.03,0.012
3137,2025/07/07,12:48-12:51,Mon,33.3,28.4,53,60,847,603,0,0,0,0,0.102,0.006
3138,2025/07/07,12:51-12:54,Mon,33.3,28.4,53,61,853,605,0.18,0.414,0.306,0.954,0.45,0.012
3139,2025/07/07,12:54-12:57,Mon,33.4,-,53,-,867,-,0,0,0,0,0.63,0.012
3140,2025/07/07,12:57-13:00,Mon,33.4,-,53,-,872,-,0,0,0,0,1.086,0.012
3141,2025/07/07,13:00-13:03,Mon,33.4,28.4,53,60,885,604,0.312,0.42,1.134,0.804,0.924,0.144
3142,2025/07/07,13:03-13:06,Mon,33.4,28.3,53,60,888,604,1.26,1.296,0.168,1.152,0.018,0.606
3143,2025/07/07,13:06-13:09,Mon,33.4,28.3,53,61,883,609,1.026,0.438,0.252,0.378,0.39,0.018
3144,2025/07/07,13:09-13:12,Mon,33.4,-,53,-,884,-,1.668,0.438,0.828,0.264,0.582,0.618
3145,2025/07/07,13:12-13:15,Mon,33.4,28.3,53,61,888,622,1.872,0.432,1.164,0.45,0.984,0.846
3146,2025/07/07,13:15-13:18,Mon,33.5,28.3,53,61,886,623,1.74,0.426,0.168,0.624,0.012,1.122
3147,2025/07/07,13:18-13:21,Mon,33.5,28.2,53,61,883,627,1.836,0.438,0.018,0.324,0.24,0.054
3148,2025/07/07,13:21-13:24,Mon,33.5,28.2,53,61,884,629,0.006,0.426,0.384,0.15,0.492,0.186
3149,2025/07/07,13:24-13:27,Mon,33.5,28.3,53,61,889,628,0.21,0.426,0.798,0.528,0.858,0.972
3150,2025/07/07,13:27-13:30,Mon,33.6,28.2,53,60,890,627,0.474,0.432,1.362,0.72,1.11,1.074
3151,2025/07/07,13:30-13:33,Mon,33.6,28.1,53,60,895,627,0.534,0.426,1.092,0.648,0.9,1.164
3152,2025/07/07,13:33-13:36,Mon,33.6,-,53,-,894,-,1.014,0.426,0.012,0.222,0.012,0.714
3153,2025/07/07,13:36-13:39,Mon,33.6,28.1,53,59,896,627,0.192,0.438,0.264,0.312,0.366,0.282
3154,2025/07/07,13:39-13:42,Mon,33.6,28.2,53,60,892,633,0.012,0.432,0.84,0.48,0.432,0.636
3155,2025/07/07,13:42-13:45,Mon,33.6,-,53,-,896,-,0.318,1.296,3.276,2.196,0.846,0.816
3156,2025/07/07,13:45-13:48,Mon,33.7,28.1,53,60,899,637,0.318,0.432,0.18,0.63,0.204,0.822
3157,2025/07/07,13:48-13:51,Mon,33.7,28.2,53,59,902,637,0.612,0.426,0.024,0.192,0.018,0.216
3158,2025/07/07,13:51-13:54,Mon,33.7,28.2,53,60,901,638,0.186,0.438,0.42,0.174,0.372,0.018
3159,2025/07/07,13:54-13:57,Mon,33.7,28.2,53,60,898,637,0.084,0.432,0.876,0.486,0.456,0.456
3160,2025/07/07,13:57-14:00,Mon,33.7,28.2,53,60,903,636,0.186,0.432,1.326,0.66,0.87,0.906
3161,2025/07/07,14:00-14:03,Mon,33.8,28.2,53,60,904,638,0.438,0.42,1.11,0.828,0.798,0.99
3162,2025/07/07,14:03-14:06,Mon,33.8,-,53,-,905,-,0.828,0.432,0.012,0.258,0.012,0.708
3163,2025/07/07,14:06-14:09,Mon,33.8,28.2,53,60,908,638,0.192,0.444,0.222,1.182,0.378,0.018
3164,2025/07/07,14:09-14:12,Mon,33.8,28.2,53,60,912,637,0.018,0.432,0.702,1.164,0.468,0.732
3165,2025/07/07,14:12-14:15,Mon,33.8,28.1,53,60,917,636,0.132,0.444,1.02,0.33,0.894,0.9
3166,2025/07/07,14:15-14:18,Mon,33.8,-,53,-,919,-,0.324,0.444,0.21,0.144,0.012,0.978
3167,2025/07/07,14:18-14:21,Mon,33.9,28.1,53,60,917,632,0.336,0.438,0.018,0.072,0.234,0.012
3168,2025/07/07,14:21-14:24,Mon,33.9,-,53,-,918,-,0.15,0.432,0.612,0.39,0.528,0.36
3169,2025/07/07,14:24-14:27,Mon,33.9,28.1,53,60,919,629,0.018,0.432,0.972,0.69,0.75,0.996
3170,2025/07/07,14:27-14:30,Mon,33.9,-,53,-,920,-,0.204,0.432,1.542,0.864,0.996,1.056
3171,2025/07/07,14:30-14:33,Mon,34,28,53,60,921,635,0.312,0.438,1.668,0.21,0.9,0.834
3172,2025/07/07,14:33-14:36,Mon,34,28,53,60,915,636,0.588,0.438,2.478,0.3,0.012,0.582
3173,2025/07/07,14:36-14:39,Mon,34,28,53,60,917,635,0.984,0.438,2.736,0.462,0.378,0.018
3174,2025/07/07,14:39-14:42,Mon,34,28,53,60,916,636,1.698,0.438,1.902,0.504,0.576,0.474
3175,2025/07/07,14:42-14:45,Mon,34.1,28,53,60,918,633,1.95,0.432,1.656,0.756,1.08,0.672
3176,2025/07/07,14:45-14:48,Mon,34.1,27.9,53,60,918,634,1.908,0.438,0.174,0.096,0.024,0.756
3177,2025/07/07,14:48-14:51,Mon,34.2,27.9,53,60,912,635,1.824,0.426,0.012,0.228,0.108,0.21
3178,2025/07/07,14:51-14:54,Mon,34.2,28,53,60,911,638,0.006,0.438,0.3,0.426,0.438,0.018
3179,2025/07/07,14:54-14:57,Mon,34.2,28,53,59,911,641,0.204,0.432,0.324,0.72,0.642,0.48
3180,2025/07/07,14:57-15:00,Mon,34.2,27.9,53,59,912,634,0.48,0.438,0.642,0.834,0.96,0.936
3181,2025/07/07,15:00-15:03,Mon,34.3,27.9,53,59,907,636,1.26,1.32,1.95,2.988,0.822,0.99
3182,2025/07/07,15:03-15:06,Mon,34.3,27.8,53,58,904,639,0,0,0,0,0.012,0.942
3183,2025/07/07,15:06-15:09,Mon,34.3,27.8,53,59,903,641,0,0,0,0,0.384,0.018
3184,2025/07/07,15:09-15:12,Mon,34.4,27.8,53,59,903,641,0.018,0.432,0.636,0.558,0.48,0.81
3185,2025/07/07,15:12-15:15,Mon,34.4,27.8,53,59,895,637,0.126,0.426,0.954,0.762,0.978,1.014
3186,2025/07/07,15:15-15:18,Mon,34.4,-,53,-,896,-,0.318,0.432,0.198,0.12,0.03,0.906
3187,2025/07/07,15:18-15:21,Mon,34.5,-,53,-,886,-,0.342,0.444,0.084,0.306,0.108,0.168
3188,2025/07/07,15:21-15:24,Mon,34.4,-,53,-,882,-,0.162,0.426,0.186,0.402,0.48,0.018
3189,2025/07/07,15:24-15:27,Mon,34.5,27.9,53,59,877,637,0.018,0.438,0.66,0.66,0.63,0.378
3190,2025/07/07,15:27-15:30,Mon,34.5,-,53,-,873,-,0.312,0.438,0.84,0.81,1.092,0.696
3191,2025/07/07,15:30-15:33,Mon,34.5,27.8,53,59,865,637,0.318,0.438,1.212,0.57,0.894,1.038
3192,2025/07/07,15:33-15:36,Mon,34.5,27.7,53,58,867,638,0.336,0.444,0.192,0.378,0.012,0.678
3193,2025/07/07,15:36-15:39,Mon,34.6,27.8,53,59,868,630,0.798,0.438,0.018,1.116,0.384,0.018
3194,2025/07/07,15:39-15:42,Mon,34.6,27.8,53,59,867,630,0.012,0.432,0.6,1.362,0.576,0.684
3195,2025/07/07,15:42-15:45,Mon,34.6,27.8,53,59,851,646,0.144,0.432,1.134,0.15,0.954,0.978
3196,2025/07/07,15:45-15:48,Mon,34.6,27.8,53,59,849,649,0.324,0.426,0.198,0.006,0.012,0.984
3197,2025/07/07,15:48-15:51,Mon,34.7,27.9,53,59,845,641,0.546,0.426,0.024,0.012,0.24,0.012
3198,2025/07/07,15:51-15:54,Mon,34.7,27.9,53,60,836,632,0.534,1.29,1.02,0.27,0.546,0.366
3199,2025/07/07,15:54-15:57,Mon,34.7,27.9,53,60,830,636,0.024,0.426,0.888,0.306,0.762,0.972
3200,2025/07/07,15:57-16:00,Mon,34.7,27.9,53,60,819,635,0.186,0.432,1.29,0.63,1.014,1.11
3201,2025/07/07,16:00-16:03,Mon,34.7,-,53,-,813,-,0.312,0.42,1.128,0.756,0.852,0.558
3202,2025/07/07,16:03-16:06,Mon,34.8,-,53,-,810,-,0.534,0.42,0.018,0.204,0.012,0.498
3203,2025/07/07,16:06-16:09,Mon,34.8,27.8,53,60,809,631,0.882,0.432,0.24,0.132,0.372,0.18
3204,2025/07/07,16:09-16:12,Mon,34.8,-,53,-,813,-,1.626,0.426,0.822,0.306,0.564,0.312
3205,2025/07/07,16:12-16:15,Mon,34.9,27.8,53,60,811,629,1.902,0.426,1.134,0.69,0.93,0.588
3206,2025/07/07,16:15-16:18,Mon,34.8,27.8,53,60,810,624,5.76,1.296,1.26,1.566,0.012,0.63
3207,2025/07/07,16:18-16:21,Mon,34.9,27.9,53,59,802,624,1.794,0.426,0.012,0.204,0.24,0.018
3208,2025/07/07,16:21-16:24,Mon,34.9,27.9,53,59,801,622,0.006,0.426,0.426,0.48,0.504,0.204
3209,2025/07/07,16:24-16:27,Mon,35,27.9,53,59,791,625,0.432,2.538,3.834,3.384,0.744,0.516
3210,2025/07/07,16:27-16:30,Mon,35,27.9,53,59,790,625,0.498,0.426,1.248,0.804,1.044,0.648
3211,2025/07/07,16:30-16:33,Mon,35,27.8,53,59,779,624,0.558,0.426,0.978,0.258,0.924,0.642
3212,2025/07/07,16:33-16:36,Mon,35,27.7,53,58,774,626,0.894,0.42,0.012,0.078,0.012,1.332
3213,2025/07/07,16:36-16:39,Mon,35,27.7,53,59,769,623,0.756,0.42,0.066,0.3,0.378,0.69
3214,2025/07/07,16:39-16:42,Mon,35,27.7,53,59,767,625,0.012,0.42,0.828,0.558,0.486,0.798
3215,2025/07/07,16:42-16:45,Mon,35.1,-,53,-,765,-,0.012,0.42,0.828,0.558,0.93,0.846
3216,2025/07/07,16:45-16:48,Mon,35.1,27.7,53,59,763,625,0.318,0.42,0.174,0.228,0.18,0.75
3217,2025/07/07,16:48-16:51,Mon,35.1,27.7,53,58,761,624,0.504,0.396,0.024,0.234,0.012,0.168
3218,2025/07/07,16:51-16:54,Mon,35.1,27.9,53,58,755,634,0.012,0.006,0.078,0.402,0.018,0.54
3219,2025/07/07,16:54-16:57,Mon,35.1,28,53,57,743,640,0.018,0.006,0.216,0.654,0.012,0.312
3220,2025/07/07,16:57-17:00,Mon,35.1,28.1,53,57,742,643,0.012,0,0.126,0.858,0.012,0.432
3221,2025/07/07,17:00-17:03,Mon,35.2,28.3,53,57,736,644,0.036,0.012,0.048,0.06,0.012,0.12
3222,2025/07/07,17:03-17:06,Mon,35.2,28.5,53,57,730,649,0.012,0,0.012,0.012,0.012,0.012
3223,2025/07/07,17:06-17:09,Mon,35.2,28.6,53,56,732,656,0.012,0.006,0.018,0.012,0.012,0.012
3224,2025/07/07,17:09-17:12,Mon,35.3,28.7,53,56,728,653,0.012,0.006,0.012,0.012,0.012,0.012
3225,2025/07/07,17:12-17:15,Mon,35.2,28.8,53,56,728,653,0.012,0,0.012,0.006,0.012,0.006
3226,2025/07/07,17:15-17:18,Mon,35.2,28.9,53,56,729,653,0.006,0,0.012,0.012,0.006,0.012
3227,2025/07/07,17:18-17:21,Mon,35.2,29.1,53,56,736,645,0.036,0.012,0.036,0.03,0.012,0.006
3228,2025/07/07,17:21-17:24,Mon,35.2,29.1,53,56,739,644,0.012,0.006,0.012,0.006,0.012,0.012
3229,2025/07/07,17:24-17:27,Mon,35.2,29.2,53,56,739,640,0.006,0,0.012,0.012,0.006,0.012
3230,2025/07/07,17:27-17:30,Mon,35.2,29.2,53,56,737,635,0.012,0,0.012,0.012,0.012,0.006
3231,2025/07/07,17:30-17:33,Mon,35.3,29.3,53,56,738,633,0.012,0.006,0.012,0.012,0.012,0.012
3232,2025/07/07,17:33-17:36,Mon,35.3,29.3,53,56,743,630,0,0,0,0,0.012,0.006
3233,2025/07/07,17:36-17:39,Mon,35.3,29.3,53,56,750,631,0.012,0.006,0.012,0.006,0.012,0.012
3234,2025/07/07,17:39-17:42,Mon,35.4,29.4,53,55,758,630,0.012,0.006,0.012,0.012,0.012,0.006
3235,2025/07/07,17:42-17:45,Mon,35.4,29.4,52,55,773,637,0.012,0,0.012,0.006,0.012,0.012
3236,2025/07/07,17:45-17:48,Mon,35.3,-,52,-,785,-,0.012,0,0.012,0.012,0.012,0.006
3237,2025/07/07,17:48-17:51,Mon,35.4,29.5,52,55,806,637,0.012,0,0.012,0.006,0.012,0.012
3238,2025/07/07,17:51-17:54,Mon,35.4,29.5,52,55,824,640,0.012,0,0.012,0.012,0.006,0.012
3239,2025/07/07,17:54-17:57,Mon,35.4,29.5,52,55,851,641,0.012,0.006,0.012,0.006,0.012,0.006
3240,2025/07/07,17:57-18:00,Mon,35.4,29.6,52,55,856,635,0.012,0.006,0.012,0.012,0.006,0.012
3241,2025/07/07,18:00-18:03,Mon,35.4,29.6,52,56,873,635,0.012,0.006,0.012,0.012,0.012,0.006
3242,2025/07/07,18:03-18:06,Mon,35.4,29.6,52,56,878,628,0.012,0,0.012,0.012,0.006,0.012
3243,2025/07/07,18:06-18:09,Mon,35.5,29.6,52,56,884,621,0.012,0,0.012,0.012,0.012,0.006
3244,2025/07/07,18:09-18:12,Mon,35.4,-,51,-,891,-,0.012,0,0.012,0.006,0.006,0.012
3245,2025/07/07,18:12-18:15,Mon,35.4,29.7,52,56,900,624,0.006,0,0.012,0.012,0.012,0.006
3246,2025/07/07,18:15-18:18,Mon,35.4,29.7,52,56,902,619,0.012,0,0.012,0.006,0.006,0.012
3247,2025/07/07,18:18-18:21,Mon,35.4,29.7,52,56,904,619,0.012,0.006,0.012,0.012,0.012,0.012
3248,2025/07/07,18:21-18:24,Mon,35.4,29.7,52,56,907,622,0.012,0.006,0.012,0.006,0.006,0.006
3249,2025/07/07,18:24-18:27,Mon,35.4,29.7,52,56,912,619,0.006,0.006,0.012,0.012,0.012,0.012
3250,2025/07/07,18:27-18:30,Mon,35.4,29.7,52,56,908,620,0.012,0.006,0.012,0.012,0.006,0.006
3251,2025/07/07,18:30-18:33,Mon,35.4,29.8,52,56,908,618,0.036,0.012,0.036,0.03,0.012,0.012
3252,2025/07/07,18:33-18:36,Mon,35.4,29.8,52,56,912,616,0.012,0,0.012,0.012,0.006,0.006
3253,2025/07/07,18:36-18:39,Mon,35.3,29.8,52,56,916,616,0.012,0,0.012,0.012,0.012,0.012
3254,2025/07/07,18:39-18:42,Mon,35.3,29.8,52,56,910,617,0.006,0,0.012,0.012,0.012,0.006
3255,2025/07/07,18:42-18:45,Mon,35.3,29.8,52,56,909,616,0.012,0,0.012,0.006,0.012,0.012
3256,2025/07/07,18:45-18:48,Mon,35.3,29.8,52,56,907,615,0.012,0.006,0.012,0.012,0.012,0.012
3257,2025/07/07,18:48-18:51,Mon,35.3,29.9,52,56,915,615,0.012,0.006,0.012,0.006,0.012,0.006
3258,2025/07/07,18:51-18:54,Mon,35.3,29.9,52,56,913,616,0.012,0.006,0.012,0.012,0.012,0.012
3259,2025/07/07,18:54-18:57,Mon,35.3,29.9,52,56,904,615,0.012,0.006,0.012,0.006,0.012,0.006
3260,2025/07/07,18:57-19:00,Mon,35.3,29.9,52,56,902,613,0.012,0,0.012,0.012,0.012,0.012
3261,2025/07/07,19:00-19:03,Mon,35.3,29.9,52,56,903,607,0.012,0,0.012,0.006,0.012,0.006
3262,2025/07/07,19:03-19:06,Mon,35.3,29.9,52,56,902,607,0.012,0,0.012,0.012,0.012,0.012
3263,2025/07/07,19:06-19:09,Mon,35.3,29.9,52,56,903,602,0.006,0,0.012,0.012,0.012,0.012
3264,2025/07/07,19:09-19:12,Mon,35.3,29.9,52,56,901,602,0.012,0,0.012,0.006,0.012,0.006
3265,2025/07/07,19:12-19:15,Mon,35.3,-,52,-,896,-,0.012,0.006,0.012,0.012,0.012,0.012
3266,2025/07/07,19:15-19:18,Mon,35.3,29.9,52,56,895,601,0.012,0.006,0.012,0.006,0.012,0.006
3267,2025/07/07,19:18-19:21,Mon,35.3,30,52,56,894,603,0.012,0.006,0.012,0.012,0.012,0.012
3268,2025/07/07,19:21-19:24,Mon,35.2,30,52,56,890,603,0.012,0,0.012,0.012,0.012,0.006
3269,2025/07/07,19:24-19:27,Mon,35.2,30,52,56,889,603,0.054,0.018,0.06,0.048,0.012,0.012
3270,2025/07/07,19:27-19:30,Mon,35.2,30,53,56,888,603,0.012,0,0.012,0.006,0.012,0.006
3271,2025/07/07,19:30-19:33,Mon,35.2,30.1,53,56,891,605,0.012,0,0.012,0.012,0.012,0.012
3272,2025/07/07,19:33-19:36,Mon,35.2,30,53,56,886,606,0.054,0.018,0.06,0.048,0.006,0.006
3273,2025/07/07,19:36-19:39,Mon,35.2,30.1,53,56,885,602,0.024,0.012,0.024,0.018,0.012,0.012
3274,2025/07/07,19:39-19:42,Mon,35.2,30.1,53,56,884,600,0.012,0.006,0.012,0.006,0.012,0.006
3275,2025/07/07,19:42-19:45,Mon,35.2,30,53,56,888,600,0.012,0.006,0.012,0.012,0.012,0.012
3276,2025/07/07,19:45-19:48,Mon,35.2,30,53,56,884,599,0.012,0.006,0.012,0.012,0.012,0.006
3277,2025/07/07,19:48-19:51,Mon,35.2,30.1,53,56,879,597,0,0,0,0,0.012,0.006
3278,2025/07/07,19:51-19:54,Mon,35.2,30.1,53,56,879,596,0.012,0,0.012,0.006,0.012,0.012
3279,2025/07/07,19:54-19:57,Mon,35.1,30.1,53,56,874,597,0.012,0,0.012,0.012,0.012,0.006
3280,2025/07/07,19:57-20:00,Mon,35.1,30.1,53,57,869,596,0.012,0,0.012,0.006,0.012,0.012
3281,2025/07/07,20:00-20:03,Mon,35.2,30.1,53,57,868,596,0.012,0,0.012,0.012,0.012,0.006
3282,2025/07/07,20:03-20:06,Mon,35.2,-,53,-,871,-,0.012,0,0.012,0.006,0.012,0.012
3283,2025/07/07,20:06-20:09,Mon,35.1,30.1,53,57,878,594,0.012,0.006,0.012,0.012,0.012,0.012
3284,2025/07/07,20:09-20:12,Mon,35.1,30.1,53,57,876,594,0.012,0.006,0.012,0.012,0.006,0.006
3285,2025/07/07,20:12-20:15,Mon,35.1,30.1,53,57,872,593,0.006,0.006,0.012,0.006,0.012,0.012
3286,2025/07/07,20:15-20:18,Mon,35.1,30.1,53,57,870,596,0.012,0.006,0.012,0.012,0.006,0.006
3287,2025/07/07,20:18-20:21,Mon,35.1,30.2,53,57,871,595,0.012,0.006,0.012,0.006,0.012,0.012
3288,2025/07/07,20:21-20:24,Mon,35.1,30.2,53,57,872,594,0.012,0,0.012,0.012,0.012,0.006
3289,2025/07/07,20:24-20:27,Mon,35.1,30.2,53,57,876,591,0.012,0,0.012,0.012,0.012,0.012
3290,2025/07/07,20:27-20:30,Mon,35.1,30.2,53,57,877,591,0.012,0,0.012,0.012,0.012,0.006
3291,2025/07/07,20:30-20:33,Mon,35.1,30.2,53,57,871,592,0.012,0,0.012,0.012,0.012,0.012
3292,2025/07/07,20:33-20:36,Mon,35.1,30.2,53,57,872,592,0.012,0.006,0.012,0.006,0.012,0.006
3293,2025/07/07,20:36-20:39,Mon,35.1,30.2,53,57,871,592,0.012,0.006,0.012,0.012,0.012,0.012
3294,2025/07/07,20:39-20:42,Mon,35.1,30.2,53,57,872,594,0.012,0.006,0.012,0.012,0.012,0.012
3295,2025/07/07,20:42-20:45,Mon,35.1,30.2,53,57,872,595,0.012,0,0.012,0.006,0.006,0.006
3296,2025/07/07,20:45-20:48,Mon,35.1,30.2,53,57,871,597,0.012,0,0.012,0.012,0.012,0.012
3297,2025/07/07,20:48-20:51,Mon,35.1,30.2,53,57,874,592,0.012,0,0.012,0.012,0.012,0.012
3298,2025/07/07,20:51-20:54,Mon,35.1,30.2,53,57,875,595,0.012,0.006,0.012,0.006,0.012,0.006
3299,2025/07/07,20:54-20:57,Mon,35.1,30.2,53,57,881,592,0,0,0,0,0.012,0.012
3300,2025/07/07,20:57-21:00,Mon,35.1,30.3,53,57,884,592,0.012,0.006,0.012,0.012,0.012,0.012
3301,2025/07/07,21:00-21:03,Mon,35.1,30.2,53,57,886,590,0.012,0,0.012,0.012,0.012,0.006
3302,2025/07/07,21:03-21:06,Mon,35.1,30.2,53,57,883,584,0.012,0,0.012,0.006,0.012,0.012
3303,2025/07/07,21:06-21:09,Mon,35.1,30.2,53,57,882,586,0.012,0,0.012,0.012,0.012,0.012
3304,2025/07/07,21:09-21:12,Mon,35,30.3,53,57,887,588,0.012,0.006,0.012,0.012,0.012,0.006
3305,2025/07/07,21:12-21:15,Mon,35.1,30.3,53,57,885,586,0.012,0.006,0.018,0.006,0.012,0.012
3306,2025/07/07,21:15-21:18,Mon,35,30.3,53,57,890,583,0.012,0.006,0.012,0.012,0.012,0.012
3307,2025/07/07,21:18-21:21,Mon,35,30.3,53,57,892,582,0.012,0,0.012,0.012,0.012,0.006
3308,2025/07/07,21:21-21:24,Mon,35,30.3,53,57,895,581,0.012,0,0.012,0.006,0.012,0.012
3309,2025/07/07,21:24-21:27,Mon,35,30.3,53,57,885,578,0.012,0,0.012,0.006,0.012,0.012
3310,2025/07/07,21:27-21:30,Mon,35,30.3,53,57,886,579,0.012,0.006,0.012,0.012,0.012,0.006
3311,2025/07/07,21:30-21:33,Mon,35,30.3,53,58,883,576,0.012,0.006,0.012,0.012,0.012,0.012
3312,2025/07/07,21:33-21:36,Mon,35,30.3,53,58,880,577,0.012,0.006,0.012,0.006,0.012,0.012
3313,2025/07/07,21:36-21:39,Mon,34.9,30.3,53,58,883,579,0.012,0,0.012,0.012,0.012,0.006
3314,2025/07/07,21:39-21:42,Mon,35,30.3,53,58,888,582,0.012,0,0.012,0.012,0.012,0.012
3315,2025/07/07,21:42-21:45,Mon,34.9,30.3,53,58,893,579,0.012,0.006,0.012,0.012,0.012,0.012
3316,2025/07/07,21:45-21:48,Mon,34.9,-,53,-,896,-,0.012,0.006,0.012,0.006,0.012,0.006
3317,2025/07/07,21:48-21:51,Mon,34.9,30.3,53,58,895,572,0.012,0.006,0.012,0.012,0.012,0.012
3318,2025/07/07,21:51-21:54,Mon,34.9,30.4,53,58,895,572,0.012,0,0.012,0.012,0.012,0.012
3319,2025/07/07,21:54-21:57,Mon,34.9,30.3,53,58,894,579,0.012,0,0.012,0.006,0.012,0.006
3320,2025/07/07,21:57-22:00,Mon,34.9,30.3,53,58,893,577,0.012,0,0.012,0.006,0.012,0.006
3321,2025/07/07,22:00-22:03,Mon,34.9,30.4,53,58,892,577,0.012,0.006,0.012,0.012,0.012,0.012
3322,2025/07/07,22:03-22:06,Mon,34.9,30.4,53,58,892,576,0.012,0.006,0.012,0.012,0.012,0.012
3323,2025/07/07,22:06-22:09,Mon,34.8,30.4,53,58,890,574,0.036,0.012,0.036,0.03,0.012,0.006
3324,2025/07/07,22:09-22:12,Mon,34.9,30.4,53,58,890,572,0.012,0,0.012,0.006,0.012,0.012
3325,2025/07/07,22:12-22:15,Mon,34.9,30.3,53,58,881,562,0.012,0,0.012,0.012,0.012,0.012
3326,2025/07/07,22:15-22:18,Mon,34.9,30.4,53,58,881,559,0.006,0.006,0.012,0.012,0.012,0.012
3327,2025/07/07,22:18-22:21,Mon,34.8,30.4,53,58,890,560,0.012,0.006,0.012,0.006,0.012,0.006
3328,2025/07/07,22:21-22:24,Mon,34.8,30.4,53,58,889,556,0.006,0.006,0.012,0.006,0.012,0.012
3329,2025/07/07,22:24-22:27,Mon,34.8,30.4,53,58,893,559,0.012,0,0.012,0.012,0.012,0.012
3330,2025/07/07,22:27-22:30,Mon,34.8,30.4,53,58,892,560,0.012,0,0.012,0.012,0.012,0.006
3331,2025/07/07,22:30-22:33,Mon,34.8,30.4,53,58,889,556,0.012,0,0.012,0.006,0.012,0.012
3332,2025/07/07,22:33-22:36,Mon,34.8,30.4,53,58,891,558,0.012,0.006,0.012,0.012,0.012,0.012
3333,2025/07/07,22:36-22:39,Mon,34.8,30.4,53,58,886,556,0.012,0.006,0.012,0.012,0.012,0.006
3334,2025/07/07,22:39-22:42,Mon,34.8,30.4,53,58,887,554,0.012,0.006,0.012,0.012,0.012,0.012
3335,2025/07/07,22:42-22:45,Mon,34.8,30.4,53,59,887,554,0.012,0,0.012,0.006,0.012,0.012
3336,2025/07/07,22:45-22:48,Mon,34.7,30.4,53,59,887,555,0.012,0,0.012,0.012,0.012,0.006
3337,2025/07/07,22:48-22:51,Mon,34.7,30.4,53,59,887,556,0.012,0,0.012,0.012,0.012,0.012
3338,2025/07/07,22:51-22:54,Mon,34.7,-,53,-,886,-,0.012,0.006,0.012,0.012,0.012,0.012
3339,2025/07/07,22:54-22:57,Mon,34.7,30.4,53,59,884,560,0.012,0.006,0.012,0.006,0.012,0.006
3340,2025/07/07,22:57-23:00,Mon,34.7,30.4,53,59,890,561,0.012,0.006,0.012,0.012,0.012,0.006
3341,2025/07/07,23:00-23:03,Mon,34.7,30.4,53,59,896,560,0.006,0,0.012,0.012,0.012,0.012
3342,2025/07/07,23:03-23:06,Mon,34.7,30.4,53,59,900,557,0.012,0,0.012,0.012,0.012,0.012
3343,2025/07/07,23:06-23:09,Mon,34.7,30.4,53,59,902,555,0.012,0.006,0.012,0.006,0.012,0.006
3344,2025/07/07,23:09-23:12,Mon,34.7,30.4,53,59,906,554,0.012,0.006,0.012,0.006,0.012,0.012
3345,2025/07/07,23:12-23:15,Mon,34.6,30.4,53,59,909,557,0.012,0.006,0.012,0.012,0.012,0.012
3346,2025/07/07,23:15-23:18,Mon,34.6,30.4,53,59,912,562,0.006,0,0.012,0.012,0.012,0.012
3347,2025/07/07,23:18-23:21,Mon,34.6,-,53,-,912,-,0.012,0,0.012,0.012,0.012,0.006
3348,2025/07/07,23:21-23:24,Mon,34.6,30.4,53,59,917,562,0.012,0.006,0.012,0.006,0.012,0.012
3349,2025/07/07,23:24-23:27,Mon,34.6,30.4,53,59,914,557,0.012,0.006,0.012,0.012,0.012,0.012
3350,2025/07/07,23:27-23:30,Mon,34.6,30.4,53,59,913,557,0.012,0.006,0.012,0.012,0.012,0.006
3351,2025/07/07,23:30-23:33,Mon,34.6,30.5,53,59,914,561,0.012,0,0.012,0.012,0.012,0.006
3352,2025/07/07,23:33-23:36,Mon,34.6,30.5,53,59,914,560,0.012,0,0.012,0.006,0.012,0.012
3353,2025/07/07,23:36-23:39,Mon,34.6,30.5,53,59,915,558,0.036,0.012,0.036,0.03,0.012,0.012
3354,2025/07/07,23:39-23:42,Mon,34.6,-,53,-,918,-,0.012,0.006,0.012,0.012,0.006,0.012
3355,2025/07/07,23:42-23:45,Mon,34.5,30.4,52,59,923,556,0.012,0.006,0.012,0.012,0.012,0.006
3356,2025/07/07,23:45-23:48,Mon,34.5,30.5,53,59,926,553,0.012,0,0.012,0.012,0.012,0.012
3357,2025/07/07,23:48-23:51,Mon,34.5,30.4,52,59,929,552,0.012,0,0.012,0.012,0.012,0.012
3358,2025/07/07,23:51-23:54,Mon,34.5,-,52,-,925,-,0.012,0.006,0.012,0.006,0.012,0.012
3359,2025/07/07,23:54-23:57,Mon,34.5,30.4,52,59,922,552,0.012,0.006,0.012,0.006,0.012,0.006
3360,2025/07/07,23:57-00:00,Mon,34.5,30.5,52,59,928,552,0.012,0.006,0.012,0.012,0.012,0.012
3361,2025/07/07,00:00-00:03,Tue,34.4,30.5,52,59,934,553,0.012,0,0.012,0.006,0.012,0.006
3362,2025/07/07,00:03-00:06,Tue,34.4,30.5,52,60,933,555,0.012,0,0.012,0.012,0.012,0.006
,,,,,,,,,,,,,,,
,,,,,,,,,,,,,,,
,,,,,,,,,,,,,,,
,,,,,,,,,,,,,,,
,,,最大,35.5,31,63,69,1115,3052,84.576,35.346,75.204,47.658,1.95,1.53
,,,最小,18.6,21.1,51,42,488,400,0,0,0,0,0.006,0.006
,,,合計,-,-,-,-,-,-,373.8,216.138,558.45,392.19,311.286,253.068